Dataset 1,Dataset 2,,,,,,,,,,,
C:\Users\arnulfo azcarraga\Desktop\Rgee\OOTO UNICEF\Chitest\Datasets\ready for OOTO\preprocessed\male_p.csv,C:\Users\arnulfo azcarraga\Desktop\Rgee\OOTO UNICEF\Chitest\Datasets\ready for OOTO\preprocessed\female_p.csv,,,,,,,,,,,
Question,Feature,Chi,Higher Or Lower,Degrees of Freedom,N1,N2,P1(a),P1(b),P1(etc),P2(a),P2(b),P2(etc)
Gender,a1,1882,-,1,[858.0],[1024.0],1,0,0,0,1,0
Birthdate,a2,2.837988134,-,2,[858.0],[1024.0],0.331002331,0.337995338,0.331002331,0.294921875,0.357421875,0.34765625
Mother,a3a,0.05783179,+,1,[842.0],[1002.0],0.155581948,0.844418052,0,0.159680639,0.840319361,0
Father,a3b,0.0386304,-,1,[842.0],[1002.0],0.2304038,0.7695962,0,0.226546906,0.773453094,0
Step or foster mother,a3c,3.316470981,+,1,[842.0],[1001.0],0.970308789,0.029691211,0,0.983016983,0.016983017,0
Step or foster father,a3d,2.835147878,+,1,[842.0],[1001.0],0.972684086,0.027315914,0,0.984015984,0.015984016,0
Grandparent(s) or other relatives,a3e,0.054658787,-,1,[842.0],[1001.0],0.698337292,0.301662708,0,0.693306693,0.306693307,0
Siblings (including half; step or foster siblings),a3f,1.862134186,-,1,[842.0],[1002.0],0.306413302,0.693586698,0,0.27744511,0.72255489,0
My spouse or partner (including boyfriend/girlfriend),a3g,0.706822082,+,1,[842.0],[1001.0],0.986935867,0.013064133,0,0.991008991,0.008991009,0
My child or children,a3h,0.138645058,-,1,[842.0],[1001.0],0.978622328,0.021377672,0,0.976023976,0.023976024,0
Parents (or relatives) of my spouse or partner,a3i,0.123233963,+,1,[842.0],[1001.0],0.970308789,0.029691211,0,0.973026973,0.026973027,0
I live in a foster home or children's home,a3j,,,1,[842.0],[1001.0],1,0,0,0.997002997,0.002997003,0
I live alone,a3k,,,1,[842.0],[1001.0],1,0,0,0.998001998,0.001998002,0
Someone or somewhere else: please state____,a3l,1.85E-06,-,1,[842.0],[1001.0],0.956057007,0.043942993,0,0.956043956,0.043956044,0
I am a school student,a4a,7.770148628,-,1,[849.0],[1012.0],0.065959953,0.934040047,0,0.037549407,0.962450593,0
I am a student in college,a4g,0.781111214,-,1,[849.0],[1009.0],0.99057715,0.00942285,0,0.986124876,0.013875124,0
I am attending training in technical/vocational course,a4h,1.565230309,+,1,[849.0],[1009.0],0.983510012,0.016489988,0,0.990089197,0.009910803,0
I do paid employment,a4c,8.993943477,+,1,[849.0],[1009.0],0.972909305,0.027090695,0,0.991080278,0.008919722,0
I do unpaid work,a4d,0.181651395,+,1,[849.0],[1009.0],0.985865724,0.014134276,0,0.988107037,0.011892963,0
I am looking for work,a4e,5.154654858,+,1,[849.0],[1009.0],0.984687868,0.015312132,0,0.995044599,0.004955401,0
I help out at home,a4f,10.63131815,-,1,[849.0],[1009.0],0.738515901,0.261484099,0,0.668979187,0.331020813,0
I am currently in a vacation,a4i,1.202511531,+,1,[849.0],[1010.0],0.881036514,0.118963486,0,0.897029703,0.102970297,0
Schooling,a5,,,3,[837.0],[1013.0],0.010752688,0.982078853,0.007168459,0.0029615,0.995064166,0.001974334
How old were you when you first used the internet?,b1,0.036267071,+,1,[834.0],[1001.0],0.817745803,0.182254197,0,0.821178821,0.178821179,0
Are you able to access the internet when you want to or need to?,b3,5.067574317,-,1,[835.0],[1008.0],0.105389222,0.894610778,0,0.075396825,0.924603175,0
At school or college,b6a,2.728628514,-,2,[821.0],[1002.0],0.728380024,0.260657734,0.010962241,0.698602794,0.293413174,0.007984032
At home,b6b,16.4451245,-,2,[820.0],[1003.0],0.546341463,0.442682927,0.01097561,0.460618146,0.53439681,0.004985045
In the home of friends or relatives,b6c,,,2,[825.0],[996.0],0.741818182,0.255757576,0.002424242,0.708835341,0.28815261,0.003012048
In a public place (for example; in libraries; cafés; computer shops),b6d,22.4759553,+,2,[827.0],[989.0],0.600967352,0.391777509,0.007255139,0.70677452,0.287158746,0.006066734
When I am on my way somewhere (e.g. on the street; in a bus or car),b6e,4.211583656,+,2,[819.0],[982.0],0.855921856,0.131868132,0.012210012,0.872708758,0.123217923,0.00407332
When I am somewhere by myself,b6f,14.99714788,-,2,[822.0],[986.0],0.727493917,0.262773723,0.00973236,0.646044625,0.346855984,0.007099391
PisoNet,b6g,27.4220436,+,2,[825.0],[981.0],0.621818182,0.366060606,0.012121212,0.734964322,0.259938838,0.00509684
A mobile phone that is not a smartphone,b7a,0.787039875,+,2,[817.0],[983.0],0.744186047,0.248470012,0.007343941,0.758901322,0.236012208,0.00508647
A smartphone [iPhone; Samsung Galaxy; Cherry Mobile; Star Mobile; etc],b7b,,,2,[818.0],[987.0],0.584352078,0.410757946,0.004889976,0.501519757,0.494427558,0.004052685
A desktop computer,b7c,14.00952868,+,2,[817.0],[993.0],0.637698898,0.35373317,0.008567931,0.718026183,0.277945619,0.004028197
A laptop or notebook computer,b7d,4.761481791,-,2,[815.0],[992.0],0.814723926,0.170552147,0.014723926,0.813508065,0.181451613,0.005040323
A tablet [iPad; Samsung Galaxy tab; PLDT Home tablet; etc],b7e,,,2,[814.0],[990.0],0.764127764,0.227272727,0.008599509,0.807070707,0.190909091,0.002020202
A games console [Playstation; Xbox; PSP; Nintendo; 3DS; etc],b7f,31.66836135,+,2,[807.0],[975.0],0.817843866,0.171003717,0.011152416,0.904615385,0.083076923,0.012307692
A mobile phone that is not a smartphone,b8a,,,2,[206.0],[235.0],0.436893204,0.533980583,0.029126214,0.370212766,0.617021277,0.012765957
A smartphone [iPhone; Samsung Galaxy; Cherry Mobile; Star Mobile; etc],b8b,,,2,[337.0],[491.0],0.275964392,0.709198813,0.014836795,0.301425662,0.696537678,0.00203666
A desktop computer,b8c,,,2,[290.0],[282.0],0.682758621,0.296551724,0.020689655,0.755319149,0.241134752,0.003546099
A laptop or notebook computer,b8d,,,2,[138.0],[185.0],0.579710145,0.405797101,0.014492754,0.535135135,0.448648649,0.016216216
A tablet [iPad; Samsung Galaxy tab; PLDT Home tablet; etc],b8e,,,2,[187.0],[194.0],0.50802139,0.470588235,0.021390374,0.458762887,0.530927835,0.010309278
A games console [Playstation; Xbox; PSP; Nintendo; 3DS; etc],b8f,3.080070573,-,2,[140.0],[83.0],0.628571429,0.321428571,0.05,0.590361446,0.397590361,0.012048193
I use a postpaid plan (i.e.; with contracts),b9a,5.245446123,-,2,[812.0],[980.0],0.818965517,0.14408867,0.036945813,0.828571429,0.152040816,0.019387755
I use freeWIFI (at home; in school; coffee shop or cafés; malls; etc.),b9b,30.91797447,-,2,[816.0],[994.0],0.600490196,0.387254902,0.012254902,0.472837022,0.518108652,0.009054326
I pay for internet I use (e.g. in a cybercafé or internet cafe; PisoNet),b9c,5.812991946,+,2,[814.0],[990.0],0.422604423,0.563882064,0.013513514,0.476767677,0.507070707,0.016161616
I use prepaid offers (e.g. GOSurf; GIGASurf; etc.),b9d,41.74488468,-,2,[806.0],[986.0],0.656327543,0.333746898,0.009925558,0.505070994,0.483772819,0.011156187
Do you connect to the internet by yourself?,b10a,4.022775713,-,1,[826.0],[1000.0],0.420096852,0.579903148,0,0.374,0.626,0
My parents,b10b1,4.180883563,+,1,[318.0],[362.0],0.710691824,0.289308176,0,0.779005525,0.220994475,0
My siblings,b10b2,2.151711788,-,1,[319.0],[362.0],0.68338558,0.31661442,0,0.629834254,0.370165746,0
Relatives,b10b3,0.006321253,-,1,[318.0],[362.0],0.858490566,0.141509434,0,0.856353591,0.143646409,0
Friends who are the same age as I am,b10c1,0.225472031,+,1,[318.0],[362.0],0.603773585,0.396226415,0,0.621546961,0.378453039,0
Friends who are older than me,b10c2,9.346963432,+,1,[318.0],[362.0],0.798742138,0.201257862,0,0.883977901,0.116022099,0
My teacher,b10d,0.131955192,+,1,[318.0],[362.0],0.952830189,0.047169811,0,0.958563536,0.041436464,0
Others,b10e,0.653241135,+,1,[318.0],[362.0],0.896226415,0.103773585,0,0.914364641,0.085635359,0
Do you usually have a good time or fun when you go online?,c1,,,3,[826.0],[1003.0],0.904358354,0.08716707,0.008474576,0.891326022,0.103688933,0.004985045
What do you think about this sentence: ‘There are lots of things on the internet that are good for children of my age’?,c2,0.010792822,+,2,[811.0],[988.0],0.156596794,0.823674476,0.01972873,0.157894737,0.822874494,0.019230769
I learned something new by searching online,c4a,7.845122022,-,2,[803.0],[982.0],0.577833126,0.408468244,0.01369863,0.556008147,0.440936864,0.00305499
I used the internet for schoolwork,c4c,,,2,[804.0],[992.0],0.55721393,0.435323383,0.007462687,0.485887097,0.51108871,0.003024194
I looked for information about work or study opportunities,c4b,3.5613199,+,2,[786.0],[964.0],0.759541985,0.22264631,0.017811705,0.787344398,0.203319502,0.0093361
Checked maps,c4c1,2.365419899,+,2,[788.0],[978.0],0.831218274,0.153553299,0.015228426,0.855828221,0.13394683,0.010224949
I looked for information about the place I want to go visit/eat,c4c2,2.892597986,-,2,[792.0],[975.0],0.829545455,0.160353535,0.01010101,0.801025641,0.190769231,0.008205128
I looked for resources or events about my local neighbourhood,c4d,5.411548131,+,2,[783.0],[949.0],0.87100894,0.104725415,0.024265645,0.893572181,0.095890411,0.010537408
I got involved online in a local organisation or charity,c4f,6.10580942,+,2,[779.0],[946.0],0.893453145,0.088575096,0.017971759,0.927061311,0.059196617,0.013742072
I used the internet to help somebody else,c4g,2.928563039,+,2,[790.0],[964.0],0.810126582,0.174683544,0.015189873,0.82780083,0.164937759,0.007261411
I used the internet to talk to people from places or backgrounds different from mine,c4e,9.134274383,+,2,[792.0],[964.0],0.787878788,0.193181818,0.018939394,0.830912863,0.162863071,0.006224066
I looked for the news online,c4h,8.567087395,-,2,[802.0],[978.0],0.750623441,0.235660848,0.013715711,0.748466258,0.249488753,0.00204499
I discussed political or social problems with other people online,c4i,3.428075748,-,2,[779.0],[955.0],0.896020539,0.084724005,0.019255456,0.896335079,0.094240838,0.009424084
I got involved online in a campaign or protest,c4j,8.936231087,+,2,[777.0],[945.0],0.924066924,0.061776062,0.014157014,0.952380952,0.031746032,0.015873016
I signed a petition online,c4k,2.51529218,+,2,[768.0],[931.0],0.942708333,0.041666667,0.015625,0.959183673,0.029001074,0.011815252
I used the internet to join a civic; religious or political group,c4l,5.155845538,+,2,[777.0],[948.0],0.918918919,0.065637066,0.015444015,0.946202532,0.043248945,0.010548523
I posted videos or music created by someone else,c4o,3.789180908,+,2,[788.0],[979.0],0.856598985,0.131979695,0.01142132,0.886618999,0.106230848,0.007150153
I created my own video or music and uploaded it to share,c4m,0.791541561,+,2,[786.0],[972.0],0.882951654,0.108142494,0.008905852,0.894032922,0.099794239,0.00617284
I created a blog or story or website online,c4n,2.916790401,+,2,[784.0],[953.0],0.927295918,0.057397959,0.015306122,0.946484785,0.044071354,0.009443861
I created my own artwork; designs and illustrations and uploaded them on the internet,c4o1,2.272529069,+,2,[772.0],[956.0],0.905440415,0.081606218,0.012953368,0.917364017,0.076359833,0.006276151
I used instant messaging [insert local examples e.g. Viber; WhatsApp],c4r,1.53185432,+,2,[771.0],[954.0],0.809338521,0.176394293,0.014267185,0.828092243,0.162473795,0.009433962
I visited a social network site (e.g.; Facebook [add local examples]),c4p,15.51945387,-,2,[795.0],[972.0],0.511949686,0.47672956,0.011320755,0.422839506,0.569958848,0.007201646
I helped someone else who needed or wanted to go online,c4t,3.484159609,+,2,[787.0],[967.0],0.792884371,0.199491741,0.007623888,0.825232678,0.165460186,0.009307135
I talked to family or friends who live further away (e.g. by Skype; Viber; FaceTime),c4q,6.733837237,-,2,[778.0],[965.0],0.781491003,0.206940874,0.011568123,0.749222798,0.246632124,0.004145078
I commented on the updates that friends or family have put online,c4u,14.24739843,-,2,[784.0],[968.0],0.716836735,0.272959184,0.010204082,0.640495868,0.354338843,0.005165289
I re-posted or shared a social media post online,c4t1,9.44876454,-,2,[780.0],[962.0],0.774358974,0.212820513,0.012820513,0.713097713,0.276507277,0.01039501
I showed my friends or family something that I saw online,c4v,0.955954328,-,2,[785.0],[963.0],0.760509554,0.229299363,0.010191083,0.741433022,0.249221184,0.009345794
I visited a chatroom to meet new people [insert local examples],c4w,16.01097448,+,2,[785.0],[955.0],0.824203822,0.161783439,0.014012739,0.890052356,0.103664921,0.006282723
I watched video clips (e.g. on YouTube [insert local examples]),c4x,,,2,[798.0],[981.0],0.507518797,0.486215539,0.006265664,0.568807339,0.428134557,0.003058104
I played online games alone,c4y,,,2,[815.0],[978.0],0.505521472,0.488343558,0.006134969,0.764826176,0.233128834,0.00204499
I played games with other people online,c4z,176.5667355,+,2,[810.0],[966.0],0.596296296,0.395061728,0.008641975,0.870600414,0.123188406,0.00621118
I listened to music online (by downloading or streaming),c4bb,,,2,[799.0],[975.0],0.628285357,0.366708385,0.005006258,0.651282051,0.344615385,0.004102564
I watched my favourite TV shows,c4cc,,,2,[804.0],[979.0],0.514925373,0.481343284,0.003731343,0.502553626,0.494382022,0.003064351
I joined a fan site (of a celebrity or popular band),c4cc1,8.71980359,-,2,[777.0],[957.0],0.898326898,0.087516088,0.014157014,0.865203762,0.127481714,0.007314525
I posted photos or comments online (e.g. on Facebook or a blog),c4gg,20.81278427,-,2,[785.0],[969.0],0.705732484,0.284076433,0.010191083,0.616099071,0.380804954,0.003095975
I looked for health information for myself or someone I know,c4ee,1.745315463,+,2,[779.0],[961.0],0.806161746,0.182284981,0.011553273,0.821019771,0.172736733,0.006243496
I participated in a site where people share my interests or hobbies,c4ff,4.285615827,+,2,[772.0],[947.0],0.835492228,0.150259067,0.014248705,0.86906019,0.12249208,0.00844773
I browsed for things to buy,c4hh,2.095124761,-,2,[781.0],[950.0],0.865556978,0.122919334,0.011523688,0.870526316,0.124210526,0.005263158
I checked out what things cost by looking online,c4hh1,5.052367671,-,2,[767.0],[946.0],0.890482399,0.097783572,0.011734029,0.876321353,0.119450317,0.00422833
I have sold an item online,c4hh2,7.390983782,+,2,[767.0],[946.0],0.928292047,0.061277705,0.010430248,0.953488372,0.033826638,0.012684989
My mother or father (or step/foster mother or father),c6a,4.985145279,-,2,[777.0],[970.0],0.716859717,0.275418275,0.007722008,0.675257732,0.320618557,0.004123711
My brother or sister (or step/foster/half siblings),c6b,1.01792712,-,2,[773.0],[967.0],0.765847348,0.222509702,0.01164295,0.753877973,0.237849018,0.008273009
A friend around my age,c6c,,,2,[781.0],[975.0],0.693982074,0.298335467,0.007682458,0.632820513,0.365128205,0.002051282
A teacher,c6d,1.133987782,+,2,[773.0],[969.0],0.86545925,0.124191462,0.010349288,0.876160991,0.117647059,0.00619195
Another adult I trust,c6e,0.927136575,-,2,[773.0],[961.0],0.807244502,0.183699871,0.009055627,0.809573361,0.185223725,0.005202914
Someone I first met on the internet; but who is friends or family of other people I know in person,c6f,2.224868248,+,2,[765.0],[948.0],0.836601307,0.158169935,0.005228758,0.847046414,0.142405063,0.010548523
Someone I first met on the internet; but who has no other connection to my life outside of the internet,c6g,7.565610359,+,2,[759.0],[944.0],0.862977602,0.126482213,0.010540184,0.904661017,0.085805085,0.009533898
A relative or friend who is an OFW (overseas Filipino worker),c6g1,3.021192641,-,2,[758.0],[953.0],0.82585752,0.162269129,0.011873351,0.802728227,0.189926548,0.007345226
Someone else,c6h,10.32099161,+,2,[761.0],[951.0],0.85413929,0.134034166,0.011826544,0.903259727,0.09148265,0.005257624
My mother or father (or step/foster mother or father),c7a,6.375725247,-,2,[764.0],[949.0],0.743455497,0.248691099,0.007853403,0.690200211,0.303477345,0.006322445
My brother or sister (or step/foster/half siblings),c7b,2.462411114,-,2,[762.0],[945.0],0.763779528,0.224409449,0.011811024,0.747089947,0.246560847,0.006349206
A friend around my age,c7c,15.594021,-,2,[766.0],[950.0],0.694516971,0.296344648,0.009138381,0.611578947,0.384210526,0.004210526
A teacher,c7d,1.737391509,-,2,[756.0],[946.0],0.869047619,0.12037037,0.010582011,0.866807611,0.127906977,0.005285412
Another adult I trust,c7e,0.574918814,-,2,[754.0],[945.0],0.826259947,0.163129973,0.01061008,0.816931217,0.174603175,0.008465608
Someone I first met on the internet; but who is friends or family of other people I know in person,c7f,0.075267627,+,2,[747.0],[939.0],0.852744311,0.136546185,0.010709505,0.856230032,0.134185304,0.009584665
Someone I first met on the internet; but who has no other connection to my life outside of the internet,c7g,6.09721497,+,2,[748.0],[932.0],0.867647059,0.121657754,0.010695187,0.905579399,0.08583691,0.008583691
A relative or friend who is an OFW (overseas Filipino worker),c7g1,5.631549051,-,2,[742.0],[935.0],0.854447439,0.129380054,0.016172507,0.827807487,0.163636364,0.00855615
Someone else,c7h,7.452043334,+,2,[748.0],[932.0],0.862299465,0.121657754,0.016042781,0.896995708,0.097639485,0.005364807
My mother or father (or step/foster mother or father),c8a,1.66488493,-,2,[581.0],[808.0],0.759036145,0.223752151,0.017211704,0.743811881,0.245049505,0.011138614
My brother or sister (or step/foster/half siblings),c8b,4.012202477,-,2,[575.0],[804.0],0.746086957,0.24,0.013913043,0.730099502,0.264925373,0.004975124
A friend around my age,c8c,12.26731562,-,2,[577.0],[815.0],0.589254766,0.40034662,0.010398614,0.50797546,0.488343558,0.003680982
A teacher,c8d,3.4298614,+,2,[571.0],[809.0],0.840630473,0.143607706,0.015761821,0.860321384,0.133498146,0.00618047
Another adult I trust,c8e,0.751920442,+,2,[569.0],[805.0],0.789103691,0.200351494,0.010544815,0.804968944,0.18757764,0.007453416
Someone I first met on the internet; but who is friends or family of other people I know in person,c8f,1.467243202,+,2,[572.0],[800.0],0.818181818,0.171328671,0.01048951,0.83875,0.155,0.00625
Someone I first met on the internet; but who has no other connection to my life outside of the internet,c8g,8.689048358,+,2,[566.0],[799.0],0.814487633,0.174911661,0.010600707,0.872340426,0.121401752,0.006257822
A relative or friend who is an OFW (overseas Filipino worker),c8g1,5.26898924,-,2,[568.0],[804.0],0.815140845,0.169014085,0.01584507,0.791044776,0.202736318,0.006218905
Someone else,c8h,4.403217214,+,2,[571.0],[808.0],0.847635727,0.140105079,0.012259194,0.886138614,0.10519802,0.008663366
My mother or father (or step/foster mother or father),c9a,2.034271544,+,2,[590.0],[481.0],0.83559322,0.154237288,0.010169492,0.825363825,0.153846154,0.020790021
My brother or sister (or step/foster/half siblings),c9b,5.85282988,+,2,[587.0],[478.0],0.759795571,0.228279387,0.011925043,0.809623431,0.171548117,0.018828452
A friend around my age,c9c,23.20880215,+,2,[603.0],[482.0],0.580431177,0.409618574,0.009950249,0.719917012,0.269709544,0.010373444
A teacher,c9d,0.242837685,+,2,[593.0],[475.0],0.875210793,0.109612142,0.015177066,0.882105263,0.101052632,0.016842105
Another adult I trust,c9e,10.39715332,+,2,[590.0],[481.0],0.801694915,0.188135593,0.010169492,0.871101871,0.116424116,0.012474012
Someone I first met on the internet; but who is friends or family of other people I know in person,c9f,8.135481811,+,2,[595.0],[474.0],0.793277311,0.194957983,0.011764706,0.852320675,0.130801688,0.016877637
Someone I first met on the internet; but who has no other connection to my life outside of the internet,c9g,6.50121071,+,2,[591.0],[469.0],0.820642978,0.169204738,0.010152284,0.869936034,0.115138593,0.014925373
A relative or friend who is an OFW (overseas Filipino worker),c9g1,0.172651472,-,2,[584.0],[466.0],0.88869863,0.09760274,0.01369863,0.881974249,0.105150215,0.012875536
Someone else,c9h,7.577504876,+,2,[586.0],[469.0],0.796928328,0.189419795,0.013651877,0.861407249,0.12793177,0.010660981
Making presentations,c10a,10.90351352,-,2,[771.0],[942.0],0.779507134,0.210116732,0.010376135,0.722929936,0.272823779,0.004246285
Writing things,c10b,8.481916561,-,2,[773.0],[949.0],0.761966365,0.230271669,0.007761966,0.706006322,0.289778714,0.004214963
Making pictures,c10c,,,2,[768.0],[951.0],0.725260417,0.268229167,0.006510417,0.608832808,0.389064143,0.002103049
Practising something I am learning (e.g. maths or a language or music),c10d,18.18101597,-,2,[780.0],[958.0],0.680769231,0.306410256,0.012820513,0.611691023,0.386221294,0.002087683
Checking out information on the school website,c10e,6.874739431,-,2,[767.0],[948.0],0.799217731,0.191655802,0.009126467,0.762658228,0.234177215,0.003164557
Doing group work with other students,c10f,7.505484917,-,2,[775.0],[957.0],0.716129032,0.277419355,0.006451613,0.656217346,0.338557994,0.00522466
Chatting online at school,c10g,0.496178399,-,2,[770.0],[952.0],0.781818182,0.21038961,0.007792208,0.771008403,0.222689076,0.006302521
Communicating with teachers (e.g. submitting homework or asking a question),c10h,0.474934848,+,2,[770.0],[953.0],0.828571429,0.164935065,0.006493506,0.839454355,0.15320042,0.007345226
Contributing to a school blog or online discussion,c10i,2.773026905,+,2,[751.0],[927.0],0.870838881,0.119840213,0.009320905,0.894282632,0.094929881,0.010787487
I know how to save a photo that I find online,e1a,35.47779529,-,2,[799.0],[975.0],0.306633292,0.683354193,0.010012516,0.185641026,0.805128205,0.009230769
I know how to change my privacy settings (e.g. on a social networking site),e1b,4.807258427,-,2,[591.0],[824.0],0.465313029,0.519458545,0.015228426,0.415048544,0.575242718,0.009708738
I know how to use a programming language (e.g. HTML; XML; etc.),e1c,4.479373255,-,2,[755.0],[929.0],0.753642384,0.225165563,0.021192053,0.713670614,0.269106566,0.01722282
I know how to jailbreak; crack games and apps; change IP address,e1f1,9.982200174,+,2,[760.0],[920.0],0.722368421,0.253947368,0.023684211,0.786956522,0.198913043,0.014130435
I know how to hide my IP address,e1f2,2.799798504,-,2,[766.0],[933.0],0.780678851,0.202349869,0.016971279,0.745980707,0.233654877,0.020364416
I know how to set network settings (LAN; wi-fi; device-connection),e1f3,8.211654033,-,2,[757.0],[932.0],0.611624835,0.375165125,0.01321004,0.543991416,0.444206009,0.011802575
I know how to hack certain files,e1f4,6.10554902,+,2,[759.0],[936.0],0.791831357,0.187088274,0.021080369,0.837606838,0.148504274,0.013888889
I know how to set the firewall,e1f5,0.234372277,+,2,[756.0],[920.0],0.825396825,0.153439153,0.021164021,0.832608696,0.148913043,0.018478261
I find it easy to find a website I have visited before,e1i,28.94280726,-,2,[777.0],[940.0],0.534105534,0.446589447,0.019305019,0.410638298,0.576595745,0.012765957
I find it easy to check if the information I find online is true,e1g,25.06670055,-,2,[780.0],[949.0],0.532051282,0.451282051,0.016666667,0.415173867,0.572181243,0.012644889
I find it easy to choose the best keywords for online searches,e1h,36.91468924,-,2,[772.0],[945.0],0.591968912,0.398963731,0.009067358,0.450793651,0.544973545,0.004232804
Sometimes I end up on websites without knowing how I got there,e1k,16.90113717,-,2,[777.0],[947.0],0.568854569,0.411840412,0.019305019,0.487856389,0.503695882,0.00844773
I know how to use incognito in browsing,e1k1,1.082886905,+,2,[756.0],[923.0],0.768518519,0.205026455,0.026455026,0.782231853,0.198266522,0.019501625
I know which information I should and shouldn't share online,e1l,19.11822227,-,2,[586.0],[826.0],0.283276451,0.704778157,0.011945392,0.186440678,0.805084746,0.008474576
I know how to remove people from my contact lists,e1m,15.38194058,-,2,[588.0],[836.0],0.19047619,0.802721088,0.006802721,0.116028708,0.877990431,0.005980861
I know how to block,e1m1,,,2,[586.0],[836.0],0.325938567,0.667235495,0.006825939,0.217703349,0.777511962,0.004784689
I know when I should and shouldn't share information online,e1n,15.0818126,-,2,[585.0],[826.0],0.24957265,0.743589744,0.006837607,0.165859564,0.828087167,0.006053269
I know how to behave according to the situation online,e1o,21.47182625,-,2,[586.0],[828.0],0.216723549,0.773037543,0.010238908,0.125603865,0.867149758,0.007246377
I know how to change who I share content with (e.g. friends; friends of friends or everyone),e1p,14.63150724,-,2,[578.0],[815.0],0.453287197,0.529411765,0.017301038,0.376687117,0.618404908,0.004907975
I know how to report abusive posts or things that I find offending in social media (e.g. Facebook report abuse),e1p1,5.233268286,-,2,[568.0],[813.0],0.559859155,0.422535211,0.017605634,0.50799508,0.480934809,0.011070111
I know how to create something new from video or music that I found online,e1t,1.778598533,-,2,[756.0],[943.0],0.656084656,0.326719577,0.017195767,0.638388123,0.349946978,0.011664899
I know how to post online video or music that I have created myself,e1q,,,2,[260.0],[304.0],0.323076923,0.657692308,0.019230769,0.230263158,0.756578947,0.013157895
I know which different types of licences apply to online content,e1s,10.38050828,-,2,[738.0],[903.0],0.739837398,0.231707317,0.028455285,0.6910299,0.293466224,0.015503876
I know how to edit or make basic changes to online content that others have created,e1r,4.508893754,-,2,[740.0],[916.0],0.675675676,0.308108108,0.016216216,0.63209607,0.355895197,0.012008734
I know how to design a website,e1u,5.76547987,-,2,[739.0],[913.0],0.742895805,0.228687415,0.028416779,0.756845564,0.231106243,0.012048193
I know how to install apps on a mobile device (e.g. phone or tablet),e1v,,,2,[764.0],[953.0],0.291884817,0.69895288,0.009162304,0.19412382,0.803777545,0.002098636
I know how to safeguard my online expenses while using mobile apps,e1w,8.87374322,-,2,[738.0],[921.0],0.497289973,0.490514905,0.012195122,0.424538545,0.55917481,0.016286645
I know how to make an in-app purchase,e1x,4.073178675,+,2,[742.0],[915.0],0.644204852,0.342318059,0.013477089,0.683060109,0.298360656,0.018579235
I know how to download and carck to full version some paid apps without paying a fee (e.g. torrent; etc.),e1x1,0.196833781,-,2,[730.0],[905.0],0.731506849,0.250684932,0.017808219,0.723756906,0.259668508,0.016574586
Deactivate the function showing my geographical position (on Facebook; Google Maps; etc.),e3a,9.386867282,-,2,[548.0],[790.0],0.627737226,0.312043796,0.060218978,0.615189873,0.355696203,0.029113924
Connect to a Wi-Fi network,e3b,3.47864212,-,2,[576.0],[822.0],0.204861111,0.777777778,0.017361111,0.182481752,0.809002433,0.008515815
Block push notifications from different apps,e3c,7.402937472,-,2,[542.0],[794.0],0.649446494,0.324723247,0.025830258,0.603274559,0.384130982,0.012594458
Have the same documents; contacts or apps on all devices that I use (e.g. smartphone; tablet; PC),e3d,1.239784806,+,2,[536.0],[780.0],0.652985075,0.311567164,0.035447761,0.670512821,0.303846154,0.025641026
Block pop ups which promote apps; games or services I have to pay for (unrequested windows that appear during web surfing),e3e,0.74261297,+,2,[529.0],[771.0],0.735349716,0.236294896,0.028355388,0.75226978,0.216601816,0.031128405
Protect a smartphone with a PIN/with a screen pattern,e3f,9.54710494,-,2,[562.0],[814.0],0.224199288,0.74911032,0.026690391,0.171990172,0.814496314,0.013513514
Update my status on the social networking site I use the most,e3g,34.57513622,-,2,[554.0],[802.0],0.433212996,0.546931408,0.019855596,0.279301746,0.698254364,0.02244389
Find information on how to use smartphones safely,e3h,3.928335503,-,2,[554.0],[795.0],0.474729242,0.501805054,0.023465704,0.425157233,0.555974843,0.018867925
Compare similar apps to choose the one that is most reliable,e3i,4.039657002,-,2,[544.0],[788.0],0.5,0.466911765,0.033088235,0.459390863,0.517766497,0.02284264
Take a picture or a video with my smartphone and post it onto social media,e3j,12.64736633,-,2,[549.0],[796.0],0.462659381,0.515482696,0.021857923,0.369346734,0.613065327,0.01758794
Twitter,d1d,25.49602914,-,1,[748.0],[954.0],0.917112299,0.082887701,0,0.834381551,0.165618449,0
Viber,d1e,0.24809639,-,1,[748.0],[950.0],0.970588235,0.029411765,0,0.966315789,0.033684211,0
Skype,d1f,2.019585956,-,1,[748.0],[950.0],0.939839572,0.060160428,0,0.922105263,0.077894737,0
Facebook,d1a,24.32728584,-,1,[749.0],[956.0],0.125500668,0.874499332,0,0.057531381,0.942468619,0
Instagram,d1c,20.12602688,-,1,[748.0],[950.0],0.874331551,0.125668449,0,0.791578947,0.208421053,0
WhatsApp,d1b,0.042741856,-,1,[748.0],[948.0],0.977272727,0.022727273,0,0.975738397,0.024261603,0
YouTube,d1g,5.621178652,+,1,[748.0],[955.0],0.379679144,0.620320856,0,0.436649215,0.563350785,0
Spotify,d1h,0.31700264,+,1,[748.0],[948.0],0.939839572,0.060160428,0,0.946202532,0.053797468,0
Wikipedia,d1i,12.59453018,-,1,[748.0],[950.0],0.907754011,0.092245989,0,0.850526316,0.149473684,0
Tumblr,d1j,3.566656069,-,1,[748.0],[948.0],0.995989305,0.004010695,0,0.987341772,0.012658228,0
I find it easier to be myself online than when I am with people face-to-face,d2d,0.365925792,+,2,[583.0],[832.0],0.483704974,0.48542024,0.030874786,0.495192308,0.478365385,0.026442308
I talk about different things online than I do when speaking to people face-to-face,d2e,0.365125259,-,2,[582.0],[821.0],0.493127148,0.47766323,0.029209622,0.479902558,0.493300853,0.02679659
I talk about private things online which I do not talk about with people face-to-face,d2f,2.250097229,+,2,[579.0],[815.0],0.594127807,0.383419689,0.022452504,0.633128834,0.348466258,0.018404908
I feel safe on the internet,d2a,13.33699915,+,2,[784.0],[962.0],0.448979592,0.505102041,0.045918367,0.535343035,0.41995842,0.044698545
I find other people are kind and helpful on the internet,d2b,0.704145201,-,2,[779.0],[962.0],0.368421053,0.58279846,0.048780488,0.374220374,0.585239085,0.040540541
I know what to do if someone acts online in a way I don't like,d2c,9.44359675,-,2,[589.0],[820.0],0.348047538,0.606112054,0.045840407,0.286585366,0.682926829,0.030487805
How were your social media accounts created?,d12,11.46357172,+,4,[552.0],[800.0],0.376811594,0.163043478,0.460144928,0.32,0.15,0.53
How old were you when you first had your social media account?,d13,23.08264891,-,3,[573.0],[814.0],0.396160558,0.314136126,0.289703316,0.416461916,0.388206388,0.195331695
Facebook/Messenger,d14a,4.759089219,+,2,[570.0],[823.0],0.052631579,0.573684211,0.373684211,0.035236938,0.544349939,0.420413123
Skype,d14b,0.579251696,-,2,[500.0],[715.0],0.824,0.134,0.042,0.806993007,0.145454545,0.047552448
Viber,d14c,2.796652884,-,2,[489.0],[704.0],0.899795501,0.071574642,0.028629857,0.873579545,0.099431818,0.026988636
WeChat,d14d,2.376158671,-,2,[486.0],[704.0],0.905349794,0.069958848,0.024691358,0.887784091,0.071022727,0.041193182
Instagram,d14e,12.2701345,-,2,[488.0],[717.0],0.772540984,0.174180328,0.053278689,0.687587169,0.216178522,0.09623431
Twitter,d14f,13.59674219,-,2,[488.0],[710.0],0.831967213,0.120901639,0.047131148,0.742253521,0.190140845,0.067605634
YouTube/Hangout (Google),d14g,1.969869021,+,2,[516.0],[737.0],0.593023256,0.313953488,0.093023256,0.62550882,0.299864315,0.074626866
Minecraft,d15a,5.548628638,-,1,[583.0],[404.0],0.612349914,0.387650086,0,0.537128713,0.462871287,0
Warcraft DOTA,d15b,18.20002362,+,1,[582.0],[403.0],0.812714777,0.187285223,0,0.910669975,0.089330025,0
DOTA 2,d15c,55.05204063,+,1,[582.0],[403.0],0.699312715,0.300687285,0,0.898263027,0.101736973,0
League of Legends,d15d,19.28241594,+,1,[583.0],[403.0],0.668953688,0.331046312,0,0.796526055,0.203473945,0
Counterstrike,d15e,45.98241814,+,1,[583.0],[403.0],0.58490566,0.41509434,0,0.791563275,0.208436725,0
Others,d15f,20.26124246,-,1,[583.0],[405.0],0.58490566,0.41509434,0,0.439506173,0.560493827,0
Thinking of the profile you use most often; about how many people are you in contact with when using [named profile]?,d7a,39.81579983,+,14,[539.0],[786.0],0.083487941,0.139146568,0.777365492,0.071246819,0.090330789,0.838422392
More or less; how many are your followers?,d7b,,,14,[462.0],[669.0],0.227272727,0.177489177,0.595238095,0.168908819,0.176382661,0.65470852
More or less; how many do you follow?,d7c,,,14,[459.0],[680.0],0.25708061,0.20043573,0.54248366,0.236764706,0.186764706,0.576470588
Is you [named profile] set to...?,d8,3.880559218,+,3,[545.0],[802.0],0.565137615,0.282568807,0.152293578,0.614713217,0.260598504,0.124688279
A photo that clearly shows your face,d9a,17.42133231,-,2,[568.0],[815.0],0.183098592,0.786971831,0.029929577,0.109202454,0.871165644,0.019631902
Your last name,d9b,2.545826294,-,2,[565.0],[816.0],0.116814159,0.853097345,0.030088496,0.117647059,0.865196078,0.017156863
Your address,d9c,1.065447845,-,2,[561.0],[810.0],0.356506239,0.595365419,0.048128342,0.341975309,0.618518519,0.039506173
Your phone number,d9d,3.843274321,+,2,[559.0],[806.0],0.558139535,0.397137746,0.044722719,0.606699752,0.361042184,0.032258065
Your school,d9e,5.846784633,-,2,[558.0],[811.0],0.387096774,0.577060932,0.035842294,0.325524044,0.641183724,0.033292232
Your correct age,d9f,9.737697823,+,2,[562.0],[809.0],0.307829181,0.65658363,0.035587189,0.389369592,0.576019778,0.03461063
An age that is not your real age,d9g,2.554359559,-,2,[557.0],[801.0],0.694793537,0.265709156,0.039497307,0.654182272,0.304619226,0.041198502
Places you've dined and visited,d9j,8.551809141,-,2,[551.0],[795.0],0.66969147,0.288566243,0.041742287,0.591194969,0.358490566,0.050314465
Pictures showing whole body,d9k,1.268093763,+,2,[554.0],[800.0],0.61732852,0.350180505,0.032490975,0.63125,0.3275,0.04125
How do you usually respond to requests from people to become your ‘friends’ online?,d10,36.70993963,-,3,[554.0],[805.0],0.26534296,0.684115523,0.050541516,0.136645963,0.791304348,0.072049689
Looked for new friends or contacts on the internet,f1a,1.300688823,+,2,[765.0],[951.0],0.788235294,0.202614379,0.009150327,0.809674027,0.18086225,0.009463722
Sent my personal information (e.g.; my full name; address or phone number) to someone I have never met face-to-face,f1b,12.92091024,+,2,[746.0],[936.0],0.888739946,0.100536193,0.010723861,0.931623932,0.054487179,0.013888889
Added people to my friends or contacts I have never met face-to-face,f1c,5.55763457,+,2,[747.0],[944.0],0.801874163,0.186077644,0.012048193,0.845338983,0.144067797,0.01059322
Pretended to be a different kind of person online from who I really am,f1d,5.62877151,+,2,[740.0],[928.0],0.9,0.087837838,0.012162162,0.923491379,0.059267241,0.017241379
Sent a photo or video of myself to someone I have never met face-to-face,f1e,14.49743685,+,2,[743.0],[935.0],0.889636608,0.098250336,0.012113055,0.934759358,0.05026738,0.014973262
Post my current location and those I had been to,f1f,7.89510868,+,2,[735.0],[928.0],0.866666667,0.118367347,0.014965986,0.90625,0.077586207,0.016163793
Post my new stuff and clothes,f1g,2.983603238,+,2,[746.0],[935.0],0.876675603,0.108579088,0.014745308,0.900534759,0.090909091,0.00855615
Post messages or love quotes that pertain to the boy/girl whom I have a crush on,f1h,1.75154971,+,2,[750.0],[937.0],0.872,0.116,0.012,0.865528282,0.114194237,0.020277481
Seek to get acquainted or befriend persons who are Non-Filipinos (foreigners),f1i,7.498534253,+,2,[745.0],[929.0],0.915436242,0.073825503,0.010738255,0.939720129,0.044133477,0.016146394
Engage in chat activities with a person whom I only met on internet,f1j,11.05008164,+,2,[746.0],[933.0],0.797587131,0.193029491,0.009383378,0.8585209,0.13397642,0.00750268
Do video calls with a person whom I only met on internet,f1k,28.05621176,+,2,[735.0],[927.0],0.868027211,0.121088435,0.010884354,0.938511327,0.049622438,0.011866235
Receive offers or gifts online,f1l,19.9322489,+,2,[734.0],[924.0],0.886920981,0.104904632,0.008174387,0.937229437,0.048701299,0.014069264
Have you EVER had contact on the internet with someone you have not met face-to-face before?,f2,1.884990961,+,2,[559.0],[663.0],0.685152057,0.27549195,0.039355993,0.719457014,0.2413273,0.039215686
In the PAST YEAR; have you at least once met anyone face to face that you first got to know on the internet?,f3,36.13162945,+,2,[753.0],[947.0],0.772908367,0.199203187,0.027888446,0.880675818,0.099260824,0.020063358
If you met anyone face-to-face that you first got to know on the internet; how did you feel about it?,f4,2.662063147,-,3,[150.0],[94.0],0.62,0.173333333,0.206666667,0.585106383,0.234042553,0.180851064
Thinking about the LAST TIME you were bothered by meeting someone in this way; how old was the person you actually met?,f5,,,2,[24.0],[14.0],0.833333333,0.125,0.041666667,0.642857143,0.214285714,0.142857143
I've met face to face with a person I just got acquainted on internet but is already known by my friends or relatives,f6a,,,2,[148.0],[91.0],0.405405405,0.574324324,0.02027027,0.362637363,0.637362637,0
I've met face to face with a person I just got acquainted on internet and who is totally unknown to anyone I personally know,f6b,,,2,[147.0],[88.0],0.591836735,0.380952381,0.027210884,0.556818182,0.443181818,0
I've met with a foreigner (different nationality),f6c,,,2,[148.0],[91.0],0.702702703,0.283783784,0.013513514,0.681318681,0.307692308,0.010989011
I've personally met with an older person,f6d,,,2,[151.0],[92.0],0.490066225,0.476821192,0.033112583,0.543478261,0.423913043,0.032608696
I've met face to face with a person I just got acquainted on internet and she/he was accompanied by another girl/boy,f6e,,,2,[149.0],[92.0],0.55704698,0.422818792,0.020134228,0.586956522,0.413043478,0
I've met with LGBT person (lesbian; gay; bisexual; transgender) whom i just got acquainted with on internet,f6h,,,2,[146.0],[90.0],0.746575342,0.239726027,0.01369863,0.755555556,0.211111111,0.033333333
In the PAST YEAR; how many people have you gone to a meeting with face-to-face that you had previously only met on the internet?,f8,,,2,[145.0],[93.0],0.179310345,0.8,0.020689655,0.11827957,0.870967742,0.010752688
In the PAST YEAR; has anything EVER happened online that bothered or upset you in some way? (e.g.; made you feel uncomfortable; scared or that you shouldn’t have seen it)?,f11,1.024938915,+,2,[738.0],[928.0],0.785907859,0.181571816,0.032520325,0.802801724,0.171336207,0.025862069
In the PAST YEAR; how often did this happen?,f12,11.19663951,+,2,[134.0],[160.0],0.380597015,0.574626866,0.044776119,0.56875,0.38125,0.05
Thinking now about the LAST TIME this happened to you; how upset were you about what happened?,f13,3.455885639,-,2,[135.0],[157.0],0.377777778,0.540740741,0.081481481,0.394904459,0.573248408,0.031847134
My mother or father (or step/foster mother or father),f14a,0.220434437,+,1,[131.0],[160.0],0.648854962,0.351145038,0,0.675,0.325,0
My brother or sister (orstep/foster/half siblings),f14b,0.416707415,+,1,[131.0],[160.0],0.709923664,0.290076336,0,0.74375,0.25625,0
Cousin,f14j,0.62710931,+,1,[131.0],[160.0],0.65648855,0.34351145,0,0.7,0.3,0
Aunt/Uncle,f14k,3.501926201,+,1,[131.0],[160.0],0.801526718,0.198473282,0,0.88125,0.11875,0
Grandfather/Grandmother,f14l,15.30380682,+,1,[131.0],[160.0],0.824427481,0.175572519,0,0.9625,0.0375,0
Nanny,f14m,,,1,[131.0],[160.0],0.984732824,0.015267176,0,1,0,0
A friend around my age,f14c,7.059814882,-,1,[131.0],[160.0],0.58778626,0.41221374,0,0.43125,0.56875,0
Classmate,f14n,0.93594308,-,1,[131.0],[160.0],0.679389313,0.320610687,0,0.625,0.375,0
Boyfriend/Girlfriend,f14o,0.17221825,-,1,[131.0],[160.0],0.908396947,0.091603053,0,0.89375,0.10625,0
A teacher,f14d,5.468832572,+,1,[131.0],[160.0],0.854961832,0.145038168,0,0.9375,0.0625,0
Someone whose job it is to help children,f14e,,,1,[131.0],[160.0],0.977099237,0.022900763,0,0.975,0.025,0
Godfather/Godmother,f14p,4.144941912,+,1,[131.0],[160.0],0.923664122,0.076335878,0,0.975,0.025,0
Priest/Pastor/Nun,f14q,,,1,[131.0],[160.0],0.977099237,0.022900763,0,1,0,0
Neighbor,f14r,8.527993798,+,1,[131.0],[160.0],0.801526718,0.198473282,0,0.91875,0.08125,0
Another adult I trust,f14f,0.101103632,-,1,[131.0],[160.0],0.893129771,0.106870229,0,0.88125,0.11875,0
Someone else,f14g,5.737151088,+,1,[131.0],[160.0],0.900763359,0.099236641,0,0.96875,0.03125,0
I didn't talk to anyone,f14h,0.045401051,+,1,[131.0],[160.0],0.93129771,0.06870229,0,0.9375,0.0625,0
Prefer not to say,f14i,0.147531916,+,1,[131.0],[160.0],0.946564885,0.053435115,0,0.95625,0.04375,0
The last time something happened online that bothered or upset you in some way; how long did you feel like that for?,f15,,,2,[129.0],[155.0],0.434108527,0.527131783,0.03875969,0.522580645,0.464516129,0.012903226
I ignored the problem or hoped the problem would go away by itself,f16a,0.216222721,+,1,[125.0],[150.0],0.432,0.568,0,0.46,0.54,0
I closed the window or app,f16b,4.532839685,+,1,[125.0],[150.0],0.768,0.232,0,0.866666667,0.133333333,0
I felt a bit guilty about what went wrong,f16c,8.966536438,+,1,[125.0],[150.0],0.696,0.304,0,0.846666667,0.153333333,0
I tried to get the other person to leave me alone,f16d,2.454672245,-,1,[125.0],[150.0],0.904,0.096,0,0.84,0.16,0
I tried to get back at the other person,f16e,,,1,[125.0],[150.0],0.96,0.04,0,1,0,0
I stopped using the internet for a while,f16f,0.027652086,-,1,[125.0],[150.0],0.808,0.192,0,0.8,0.2,0
I deleted any messages from the other person,f16g,5.583655239,-,1,[125.0],[150.0],0.856,0.144,0,0.74,0.26,0
I changed my privacy/ contact settings,f16h,0.797101449,+,1,[125.0],[150.0],0.904,0.096,0,0.933333333,0.066666667,0
I blocked the person from contacting me,f16i,9.075136867,-,1,[125.0],[150.0],0.904,0.096,0,0.766666667,0.233333333,0
I reported the problem online  (e.g.; clicked on a ‘report abuse’ button; contacted an internet advisor or Internet Service Provider (ISP)),f16j,0.33,-,1,[125.0],[150.0],0.92,0.08,0,0.9,0.1,0
Other actions taken,f16k,4.146153846,-,1,[125.0],[150.0],0.976,0.024,0,0.92,0.08,0
In the PAST YEAR; has anyone ever treated you in a hurtful or nasty way?,f18,0.812479154,+,2,[790.0],[953.0],0.721518987,0.24556962,0.032911392,0.737670514,0.235047219,0.027282267
In the PAST YEAR; how often did this happen?,f19,6.06625536,+,2,[190.0],[224.0],0.452631579,0.521052632,0.026315789,0.544642857,0.40625,0.049107143
In person face-to-face (by someone with you in the same place),f20a,,,2,[192.0],[220.0],0.411458333,0.552083333,0.036458333,0.577272727,0.418181818,0.004545455
Via a mobile phone or online device (computer;tablet; etc.),f20b,5.447348544,-,2,[188.0],[223.0],0.484042553,0.462765957,0.053191489,0.439461883,0.542600897,0.01793722
By mobile phone calls,f21a,0.302396719,+,1,[83.0],[118.0],0.710843373,0.289156627,0,0.745762712,0.254237288,0
By messages sent to me on my phone (SMS/TEXT or MMS),f21b,0.576934825,-,1,[83.0],[118.0],0.662650602,0.337349398,0,0.610169492,0.389830508,0
On a social networking site (e.g. Facebook; Twitter etc.),f21c,2.524589032,-,1,[83.0],[118.0],0.493975904,0.506024096,0,0.381355932,0.618644068,0
On a media sharing platform (YouTube; Instagram; Flickr),f21d,12.27237849,+,1,[83.0],[118.0],0.819277108,0.180722892,0,0.966101695,0.033898305,0
By instant messaging (MSN; What’s app; Skype etc.),f21e,,,1,[83.0],[118.0],0.915662651,0.084337349,0,0.974576271,0.025423729,0
In a chatroom,f21f,0.024534404,-,1,[49.0],[61.0],0.734693878,0.265306122,0,0.721311475,0.278688525,0
In an online game,f21g,6.352082453,+,1,[63.0],[45.0],0.746031746,0.253968254,0,0.933333333,0.066666667,0
Some other way,f21h,1.658867758,+,1,[83.0],[118.0],0.879518072,0.120481928,0,0.93220339,0.06779661,0
Prefer not to say,f21i,,,1,[83.0],[118.0],0.987951807,0.012048193,0,0.991525424,0.008474576,0
Nasty or hurtful messages were sent to me,f22a,,,2,[188.0],[222.0],0.505319149,0.457446809,0.037234043,0.382882883,0.612612613,0.004504505
Nasty or hurtful messages were passed around or posted where others could see,f22b,,,2,[188.0],[216.0],0.654255319,0.313829787,0.031914894,0.740740741,0.25462963,0.00462963
I was left out or excluded from a group or activity on the internet,f22c,4.440869088,+,2,[185.0],[216.0],0.637837838,0.318918919,0.043243243,0.731481481,0.24537037,0.023148148
I was threatened on the internet,f22d,,,2,[183.0],[216.0],0.693989071,0.284153005,0.021857923,0.699074074,0.291666667,0.009259259
Other nasty or hurtful things happened to me on the internet,f22e,0.872420556,+,2,[187.0],[213.0],0.588235294,0.379679144,0.032085561,0.615023474,0.366197183,0.018779343
Thinking of the last time someone treated you in a hurtful or nasty way; how did you feel?,f23,2.237907588,-,2,[182.0],[207.0],0.340659341,0.593406593,0.065934066,0.280193237,0.666666667,0.053140097
In the PAST YEAR; have you EVER treated someone else in a hurtful or nasty way?,f24,3.159047401,+,2,[777.0],[940.0],0.794079794,0.173745174,0.032175032,0.827659574,0.144680851,0.027659574
In the PAST YEAR; how often have you treated someone in this way?,f25,,,2,[138.0],[136.0],0.485507246,0.47826087,0.036231884,0.580882353,0.389705882,0.029411765
In person face-to-face (a person that is together with you in the same place at the same time),f26a,,,2,[137.0],[136.0],0.489051095,0.496350365,0.01459854,0.5,0.477941176,0.022058824
Via a mobile phone or online device (computer; tablet; etc.),f26b,,,2,[132.0],[131.0],0.575757576,0.409090909,0.015151515,0.427480916,0.534351145,0.038167939
By mobile phone calls,f27a,0.105496454,-,1,[51.0],[68.0],0.803921569,0.196078431,0,0.779411765,0.220588235,0
By messages sent by the phone (SMS/Text or MMS),f27b,0.507853535,-,1,[51.0],[68.0],0.666666667,0.333333333,0,0.602941176,0.397058824,0
On a social networking site (e.g.; Facebook; Twitter),f27c,4.554152315,-,1,[51.0],[68.0],0.549019608,0.450980392,0,0.352941176,0.647058824,0
By instant messaging (MSN; WhatsApp; Skype etc.),f27d,,,1,[51.0],[68.0],0.901960784,0.098039216,0,0.955882353,0.044117647,0
On a media sharing platform (YouTube; Instagram; Flickr),f27e,,,1,[51.0],[68.0],0.882352941,0.117647059,0,0.970588235,0.029411765,0
In a chatroom,f27f,0.255083923,+,1,[33.0],[32.0],0.727272727,0.272727273,0,0.78125,0.21875,0
In an online game,f27g,0.654354991,+,1,[45.0],[32.0],0.733333333,0.266666667,0,0.8125,0.1875,0
Some other way,f27h,,,1,[51.0],[68.0],0.960784314,0.039215686,0,0.897058824,0.102941176,0
Prefer not to say,f27i,,,1,[51.0],[68.0],1,0,0,0.970588235,0.029411765,0
In the PAST YEAR; have you EVER SEEN any sexual images?,f28,0.32279479,-,2,[764.0],[918.0],0.683246073,0.286649215,0.030104712,0.675381264,0.297385621,0.027233115
If you have seen images of this kind; how did you feel about what you saw?,f29,49.85208489,+,3,[220.0],[273.0],0.154545455,0.281818182,0.563636364,0.054945055,0.102564103,0.842490842
In a magazine or book,f31a,1.86767659,-,2,[227.0],[276.0],0.612334802,0.36123348,0.026431718,0.572463768,0.380434783,0.047101449
On television; film,f31b,1.646675802,-,2,[225.0],[276.0],0.346666667,0.631111111,0.022222222,0.293478261,0.684782609,0.02173913
Via a mobile phone; computer; tablet or anyother online device,f31c,7.875110636,-,2,[227.0],[273.0],0.339207048,0.634361233,0.026431718,0.227106227,0.747252747,0.025641026
On an online video sharing platform (e.g. YouTube; [add local examples]),f32d,6.11181374,+,1,[132.0],[174.0],0.386363636,0.613636364,0,0.528735632,0.471264368,0
On an online photo sharing platform (e.g. Instagram; Flickr; [add local examples]),f32e,0.004340176,+,1,[110.0],[75.0],0.836363636,0.163636364,0,0.84,0.16,0
On a social networking site (e.g. Facebook; Twitter; [add local examples]),f32f,2.805322068,-,1,[94.0],[81.0],0.308510638,0.691489362,0,0.197530864,0.802469136,0
In a chatroom,f32g,1.651379782,+,1,[142.0],[200.0],0.866197183,0.133802817,0,0.91,0.09,0
In an online game,f32h,5.826649993,+,1,[142.0],[200.0],0.901408451,0.098591549,0,0.965,0.035,0
On an adult/X-rated website,f32i,1.824028855,+,1,[142.0],[200.0],0.894366197,0.105633803,0,0.935,0.065,0
By popups on the internet (unrequested windows that appear during web surfing),f32j,1.265941901,+,1,[142.0],[200.0],0.866197183,0.133802817,0,0.905,0.095,0
By instant messaging (MSN; WhatsApp; Skype; [add local examples]),f32k,,,1,[142.0],[200.0],0.971830986,0.028169014,0,0.98,0.02,0
By text (SMS); images (MMS); or otherwise on my mobile phone,f32l,0.066901408,+,1,[142.0],[200.0],0.943661972,0.056338028,0,0.95,0.05,0
By Bluetooth,f32m,0.034362903,+,1,[142.0],[200.0],0.950704225,0.049295775,0,0.955,0.045,0
In an advert,f32n,9.542714292,-,1,[142.0],[200.0],0.957746479,0.042253521,0,0.855,0.145,0
Prefer not to say,f32o,,,1,[142.0],[200.0],0.957746479,0.042253521,0,0.98,0.02,0
A sexual image or video of someone naked,f33a,2.38492176,-,2,[140.0],[201.0],0.271428571,0.664285714,0.064285714,0.293532338,0.676616915,0.029850746
A sexual image or video that shows someone's 'private parts' [translate as appropriate],f33b,0.26207298,-,2,[141.0],[200.0],0.34751773,0.602836879,0.04964539,0.325,0.63,0.045
An image or video that shows sexual acts or people having sex,f33c,8.356671851,+,2,[139.0],[200.0],0.402877698,0.553956835,0.043165468,0.55,0.395,0.055
An image or video that shows sexual acts in a violent way,f33d,2.146587962,+,2,[139.0],[199.0],0.597122302,0.35971223,0.043165468,0.673366834,0.286432161,0.040201005
Something else sexual or embarrassing,f33e,,,2,[142.0],[200.0],0.302816901,0.647887324,0.049295775,0.35,0.645,0.005
In the PAST YEAR; have you received any sexual messages (this could be words; pictures or videos) at least once?,f34,0.569164947,-,2,[757.0],[916.0],0.824306473,0.151915456,0.023778071,0.810043668,0.164847162,0.02510917
If you have received any sexual messages; how did you feel about what you saw?,f35,12.09597176,+,3,[115.0],[150.0],0.139130435,0.234782609,0.626086957,0.1,0.113333333,0.786666667
By mobile phone calls,f37a,3.007454346,+,2,[118.0],[153.0],0.669491525,0.279661017,0.050847458,0.745098039,0.235294118,0.019607843
By text messages sent to me on my phone (SMS/text or MMS),f37b,,,2,[117.0],[154.0],0.641025641,0.35042735,0.008547009,0.649350649,0.344155844,0.006493506
On a social networking site (e.g.; Facebook; Twitter etc.),f37c,,,2,[120.0],[152.0],0.283333333,0.683333333,0.033333333,0.223684211,0.75,0.026315789
On a media sharing platform (YouTube; Instagram; Flickr),f37d,,,2,[119.0],[153.0],0.579831933,0.386554622,0.033613445,0.758169935,0.222222222,0.019607843
By IM (MSN; WhatsApp; Skype; etc.),f37e,,,2,[118.0],[149.0],0.737288136,0.237288136,0.025423729,0.805369128,0.181208054,0.013422819
In a chatroom (video chat),f37f,,,2,[117.0],[149.0],0.615384615,0.35042735,0.034188034,0.771812081,0.214765101,0.013422819
In an online game,f37g,,,2,[119.0],[149.0],0.605042017,0.352941176,0.042016807,0.865771812,0.127516779,0.006711409
In a gaming community (also on the Xbox and other game consoles),f37h,,,2,[116.0],[146.0],0.784482759,0.198275862,0.017241379,0.904109589,0.089041096,0.006849315
By 'pop up' (something appears by accident),f37i,8.340160835,+,2,[116.0],[149.0],0.482758621,0.474137931,0.043103448,0.651006711,0.302013423,0.046979866
In the PAST YEAR; have you sent or posted any sexual messages at least once? This could be words; pictures or videosabout you or someone else.,f38,10.14341787,+,2,[746.0],[919.0],0.891420912,0.08310992,0.025469169,0.934711643,0.047878128,0.017410229
In the PAST YEAR; how often have you sent or posted sexual messages?,f39,0.946864642,+,2,[61.0],[44.0],0.31147541,0.573770492,0.114754098,0.295454545,0.522727273,0.181818182
I have sent someone a sexual message (e.g.; words; pictures or video) on the internet,f40a,,,2,[62.0],[44.0],0.612903226,0.370967742,0.016129032,0.704545455,0.25,0.045454545
I have posted a sexual message (e.g.; words; pictures or video) where other people could see it on the internet,f40b,,,2,[62.0],[44.0],0.629032258,0.338709677,0.032258065,0.659090909,0.295454545,0.045454545
I have asked someone on the internet for sexual information about him or herself (like what his or her body looks like without clothes on or sexual things he or she has done),f40c,,,2,[62.0],[44.0],0.629032258,0.306451613,0.064516129,0.772727273,0.159090909,0.068181818
Ways of physically harming or hurting themselves,f41a,0.049948851,+,2,[740.0],[915.0],0.840540541,0.139189189,0.02027027,0.843715847,0.135519126,0.020765027
Ways of committing suicide,f41b,,,1,[3.0],[2.0],0.666666667,0.333333333,0,1,0,0
Ways to be very thin (such as being anorexic or bulimic),f41c,4.73197124,-,2,[735.0],[899.0],0.87755102,0.096598639,0.02585034,0.848720801,0.130144605,0.021134594
Hate messages that attack certain groups or individuals (e.g.; people of different colour or religion or nationality),f41d,8.960399969,-,2,[733.0],[902.0],0.888130969,0.09686221,0.015006821,0.837028825,0.137472284,0.025498891
Their experiences of taking drugs,f41e,7.816610659,-,2,[742.0],[911.0],0.877358491,0.088948787,0.033692722,0.848518112,0.128430296,0.023051592
Gory or violent images,f41f,0.509067746,-,2,[739.0],[905.0],0.779431664,0.205683356,0.01488498,0.764640884,0.219889503,0.015469613
Ways of courtship,f41g,0.416801109,-,2,[740.0],[911.0],0.7,0.275675676,0.024324324,0.700329308,0.279912184,0.019758507
Ways how to find a relationship,f41h,3.219078097,-,2,[737.0],[900.0],0.91587517,0.066485753,0.017639077,0.897777778,0.088888889,0.013333333
Ways to join in gambling,f41i,8.113457734,+,2,[737.0],[903.0],0.898236092,0.081411126,0.020352782,0.934662237,0.047619048,0.017718715
About cheating,f41l,5.702992187,-,2,[743.0],[908.0],0.860026918,0.115746972,0.02422611,0.837004405,0.148678414,0.014317181
About sex,f41m,,,1,[4.0],[1.0],0.75,0.25,0,1,0,0
About drinking alcohol,f41n,0.069950713,+,2,[740.0],[910.0],0.875675676,0.109459459,0.014864865,0.874725275,0.108791209,0.016483516
About smoking,f41o,6.059242085,-,2,[741.0],[911.0],0.890688259,0.099865047,0.009446694,0.849615807,0.13611416,0.014270033
About bullying,f41p,13.89223914,-,2,[743.0],[914.0],0.792732167,0.192462988,0.014804845,0.714442013,0.2702407,0.015317287
Somebody used my personal information in a way I didn't like,f43a,0.50895148,+,2,[747.0],[907.0],0.838018742,0.135207497,0.026773762,0.850055127,0.123484013,0.02646086
The device (e.g.; phone; tablet; computer) I use got a virus or spyware,f43b,0.061836006,-,2,[751.0],[905.0],0.785619174,0.197070573,0.017310253,0.782320442,0.198895028,0.01878453
I lost money by being cheated on the internet,f43c,9.007339686,+,2,[746.0],[906.0],0.894101877,0.091152815,0.014745308,0.926048565,0.054083885,0.01986755
Somebody used my password to access my information or to pretend to be me,f43d,3.041334218,+,2,[742.0],[909.0],0.865229111,0.114555256,0.020215633,0.875687569,0.114411441,0.00990099
Somebody created a page or image about me that was hostile or hurtful,f43e,0.057674987,+,2,[740.0],[907.0],0.933783784,0.054054054,0.012162162,0.936052922,0.05292172,0.011025358
I spent too much money on online games or in-app purchases,f43f,9.298098335,+,2,[580.0],[474.0],0.793103448,0.19137931,0.015517241,0.862869198,0.122362869,0.014767932
I was asked to make an in-app purchase when playing an online game (e.g.; to do well in the game),f43g,6.290088488,+,2,[577.0],[467.0],0.842287695,0.147313692,0.010398614,0.880085653,0.100642398,0.019271949
Someone found out where I was because they tracked my phone or device,f43h,4.595928865,+,2,[733.0],[896.0],0.918144611,0.072305593,0.009549795,0.936383929,0.049107143,0.014508929
I have gone without eating or sleeping because of the time I spent on the internet,f45a,0.358994308,+,2,[750.0],[921.0],0.754666667,0.238666667,0.006666667,0.765472313,0.226927253,0.007600434
I have experienced conflicts with family or friends because of the time I spent on the internet,f45b,5.207985655,-,2,[750.0],[919.0],0.752,0.242666667,0.005333333,0.735582155,0.247007617,0.017410229
My grades have dropped because of the time I spent on the internet,f45c,25.75185721,+,2,[756.0],[920.0],0.760582011,0.231481481,0.007936508,0.85,0.136956522,0.013043478
I have tried unsuccessfully to spend less time on the internet,f45d,2.144125199,+,2,[742.0],[915.0],0.696765499,0.289757412,0.013477089,0.698360656,0.278688525,0.02295082
I think the amount of time I spend on the internet causes problems for me,f45e,5.811723491,-,2,[740.0],[907.0],0.72972973,0.258108108,0.012162162,0.678059537,0.302094818,0.019845645
I feel I have to check my device (e.g. phone or computer) to see if anything new has just happened,f45f,29.03606812,-,2,[736.0],[906.0],0.707880435,0.28125,0.010869565,0.579470199,0.402869757,0.017660044
Here is a picture of a ladder. The top of the ladder ‘10’ is the best possible life for you and the bottom ‘0’ is the worst possible life for you. In general; where on the ladder do you feel you stand at the moment? Mark the circle next to the number that best describes where you stand.,h1,0.000144967,+,1,[748.0],[907.0],0.14973262,0.85026738,0,0.149944873,0.850055127,0
Your mother or father (including step/foster mother or father),h2a,0.004836435,+,1,[766.0],[931.0],0.378590078,0.621409922,0,0.380236305,0.619763695,0
Your brother or sister (including step siblings),h2b,0.319967117,+,1,[765.0],[930.0],0.653594771,0.346405229,0,0.666666667,0.333333333,0
Cousin,h2i,1.602653039,-,1,[765.0],[929.0],0.806535948,0.193464052,0,0.781485468,0.218514532,0
Aunt/Uncle,h2j,5.727596677,+,1,[765.0],[931.0],0.860130719,0.139869281,0,0.897959184,0.102040816,0
Grandfather/Grandmother,h2k,1.921451462,+,1,[765.0],[930.0],0.850980392,0.149019608,0,0.874193548,0.125806452,0
A friend around my age,h2c,13.32448623,-,1,[765.0],[930.0],0.664052288,0.335947712,0,0.577419355,0.422580645,0
Boyfriend/Girlfriend,h2l,0.776798716,-,1,[765.0],[930.0],0.963398693,0.036601307,0,0.95483871,0.04516129,0
A teacher,h2d,3.455926791,+,1,[765.0],[930.0],0.896732026,0.103267974,0,0.922580645,0.077419355,0
Classmate,h2m,0.962711335,-,1,[765.0],[930.0],0.820915033,0.179084967,0,0.802150538,0.197849462,0
Someone whose job it is to help children [give examples if needed],h2e,0.478311579,-,1,[765.0],[929.0],0.986928105,0.013071895,0,0.98277718,0.01722282,0
Nanny,h2n,,,1,[765.0],[929.0],0.993464052,0.006535948,0,0.998923574,0.001076426,0
Godfather/Godmother,h2o,6.361587788,+,1,[765.0],[929.0],0.964705882,0.035294118,0,0.983853606,0.016146394,0
Priest/Pastor/Nun,h2p,0.082674422,+,1,[765.0],[929.0],0.984313725,0.015686275,0,0.986006459,0.013993541,0
Neighbor,h2q,4.865851019,+,1,[765.0],[929.0],0.951633987,0.048366013,0,0.972012917,0.027987083,0
Another adult you trust,h2f,0.289198421,+,1,[765.0],[929.0],0.933333333,0.066666667,0,0.939720129,0.060279871,0
Someone else,h2g,8.044023278,+,1,[765.0],[929.0],0.963398693,0.036601307,0,0.984930032,0.015069968,0
No one,h2h,14.27391578,+,1,[765.0],[929.0],0.924183007,0.075816993,0,0.96555436,0.03444564,0
How easy is it for you to talk to your parent/carer about things that upset you?,i1,3.977407243,-,2,[737.0],[910.0],0.644504749,0.305291723,0.050203528,0.597802198,0.350549451,0.051648352
When I speak someone listens to what I say,i2a,10.32626765,-,2,[766.0],[931.0],0.134464752,0.84073107,0.024804178,0.085929108,0.889366273,0.024704619
My family really tries to help me,i2b,1.343332907,-,2,[764.0],[944.0],0.05104712,0.933246073,0.015706806,0.041313559,0.938559322,0.020127119
I feel safe at home,i2c,6.789809834,-,2,[779.0],[956.0],0.061617458,0.924261874,0.014120668,0.037656904,0.953974895,0.008368201
My parent(s)/carer(s) sets rules about what I can do at home,i3b,17.63167049,-,2,[763.0],[938.0],0.273918742,0.70904325,0.017038008,0.18869936,0.795309168,0.015991471
My parent(s)/carer(s) sets rules about what I can do outside the home,i3c,11.05897558,-,2,[758.0],[933.0],0.273087071,0.711081794,0.015831135,0.20471597,0.774919614,0.020364416
My parent(s)/carer(s) tells me when I am doing something well,i3d,7.051967201,-,2,[769.0],[947.0],0.228868661,0.751625488,0.019505852,0.178458289,0.804646251,0.016895459
My parent(s)/carer(s) praises me for behaving well,i3a,11.5170596,-,2,[769.0],[944.0],0.22756827,0.754226268,0.018205462,0.164194915,0.820974576,0.014830508
Encourages me to explore and learn things on the internet,i4a,0.776215011,-,2,[740.0],[916.0],0.568918919,0.410810811,0.02027027,0.548034934,0.429039301,0.022925764
Suggests ways to use the internet safely,i4b,2.776417514,-,2,[734.0],[911.0],0.459128065,0.525885559,0.014986376,0.420417124,0.559824369,0.019758507
Talks to me about what I do on the internet,i4c,3.641780538,-,2,[726.0],[922.0],0.526170799,0.457300275,0.016528926,0.480477223,0.497830803,0.021691974
Sits with me while I use the internet,i4d,2.337292732,-,2,[729.0],[923.0],0.578875171,0.410150892,0.010973937,0.552546046,0.429035753,0.018418202
Stays nearby when I use the internet,i4e,11.34253448,-,2,[724.0],[915.0],0.580110497,0.406077348,0.013812155,0.49726776,0.483060109,0.019672131
Does shared activities together with me on the internet,i4f,6.140505707,-,2,[733.0],[922.0],0.597544338,0.38744884,0.015006821,0.536876356,0.444685466,0.018438178
Talks to me about what to do if something online bothers or upsets me,i4g,8.561345517,-,2,[710.0],[904.0],0.609859155,0.370422535,0.01971831,0.539823009,0.430309735,0.029867257
Helps me when something is difficult to do or find on the internet,i4h,6.380550647,-,2,[725.0],[917.0],0.573793103,0.413793103,0.012413793,0.524536532,0.450381679,0.025081788
Explains why some websites are appropriate or inappropriate,i4i,2.310939101,-,2,[715.0],[903.0],0.565034965,0.412587413,0.022377622,0.527131783,0.448504983,0.024363234
Helps me when something bothers me on the internet,i4j,8.453393126,-,2,[715.0],[904.0],0.570629371,0.40979021,0.01958042,0.498893805,0.474557522,0.026548673
Talks to me about the commercial activities I am exposed to online,i4k,0.121310799,+,2,[255.0],[344.0],0.588235294,0.368627451,0.043137255,0.595930233,0.36627907,0.037790698
Told my parent/carer about things that bother or upset me on the internet,i5a,1.487473018,-,2,[713.0],[891.0],0.575035063,0.403927069,0.021037868,0.54657688,0.427609428,0.025813692
Helped my parent/carer to do something they found difficult on the internet,i5b,16.00493076,-,2,[723.0],[902.0],0.57538036,0.409405256,0.015214385,0.475609756,0.505543237,0.018847007
Started a discussion with my parent/carer about what I do on the internet,i5c,9.816768099,-,2,[728.0],[915.0],0.542582418,0.432692308,0.024725275,0.467759563,0.510382514,0.021857923
Asked for my parent's/carer's advice on how I should act online,i5d,2.836370181,-,2,[730.0],[908.0],0.57260274,0.406849315,0.020547945,0.531938326,0.442731278,0.025330396
Asked my parent/carer for something that I have seen advertised online,i5e,1.390913661,-,2,[718.0],[901.0],0.679665738,0.299442897,0.020891365,0.660377358,0.310765816,0.028856826
Ask for your parent's/carer's help with a situation on the internet that I could not handle,i5f,7.010286908,-,2,[722.0],[912.0],0.667590028,0.315789474,0.016620499,0.606359649,0.368421053,0.025219298
Use a web or phone camera (e.g.; for Skype or video chat),i6a,4.426120297,-,2,[654.0],[851.0],0.318042813,0.574923547,0.107033639,0.30199765,0.618096357,0.079905993
Download music or films,i6b,0.333687676,+,2,[681.0],[852.0],0.440528634,0.512481645,0.046989721,0.454225352,0.497652582,0.048122066
Visit a social networking site (e.g.; Facebook; [insert local terms]),i6c,5.59974826,+,2,[688.0],[885.0],0.513081395,0.436046512,0.050872093,0.563841808,0.402259887,0.033898305
Watch video clips (e.g.; on YouTube),i6d,1.581345351,-,2,[715.0],[887.0],0.531468531,0.430769231,0.037762238,0.508455468,0.443066516,0.048478016
Play games with other people online,i6e,25.09950072,-,2,[728.0],[856.0],0.524725275,0.432692308,0.042582418,0.39953271,0.552570093,0.047897196
Visit a chat room,i6f,1.813023433,+,2,[646.0],[832.0],0.329721362,0.592879257,0.077399381,0.362980769,0.566105769,0.070913462
Use instant messaging,i6g,2.469536145,-,2,[647.0],[825.0],0.417310665,0.522411128,0.060278207,0.389090909,0.561212121,0.04969697
Read/watch news online,i6h,2.407278182,+,2,[657.0],[866.0],0.523592085,0.427701674,0.04870624,0.563510393,0.3926097,0.043879908
Use the internet for school work,i6i,4.483271664,+,2,[698.0],[903.0],0.608882521,0.351002865,0.040114613,0.645625692,0.330011074,0.024363234
Spend time in a virtual world (e.g.; Habbo; Club Penguin; Minecraft [add examples as needed]),i6j,17.47508806,-,2,[644.0],[795.0],0.448757764,0.479813665,0.071428571,0.340880503,0.577358491,0.081761006
Put (or post) photos; videos or music online to share with others (including social networking or instant messaging),i6k,0.971049335,-,2,[642.0],[855.0],0.468847352,0.470404984,0.060747664,0.476023392,0.474853801,0.049122807
Parental controls or other means of blocking or filtering some types of website,i7a,1.844417612,-,2,[643.0],[823.0],0.779160187,0.135303266,0.085536547,0.780072904,0.150668287,0.069258809
Parental controls or other means of keeping track of the websites or apps I visit,i7b,0.231732868,+,2,[649.0],[817.0],0.7596302,0.184899846,0.055469954,0.76499388,0.17625459,0.05875153
Rules about how long or when I am allowed to go online,i7c,1.316160763,-,2,[693.0],[878.0],0.518037518,0.435786436,0.046176046,0.507972665,0.455580866,0.036446469
A service or contract that limits the time I spend on the internet,i7d,1.347420072,+,2,[669.0],[852.0],0.620328849,0.333333333,0.046337818,0.642018779,0.321596244,0.036384977
Software to prevent spam or junk mail/viruses,i7e,0.453257965,+,2,[641.0],[821.0],0.702028081,0.235569423,0.062402496,0.713763703,0.231425091,0.054811206
Parental controls that filter the apps I can download,i7f,0.957332079,+,2,[643.0],[814.0],0.724727838,0.228615863,0.046656299,0.743243243,0.218673219,0.038083538
Parental controls that alert my parent/carer when I want to buy content (in-app purchase),i7g,0.134891363,+,2,[639.0],[811.0],0.776212833,0.176838811,0.046948357,0.781750925,0.175092478,0.043156597
Software that limits the people I can be in touch with (through voice calls and SMS/TEXT MMS),i7h,1.792134957,-,2,[640.0],[805.0],0.715625,0.240625,0.04375,0.693167702,0.269565217,0.037267081
Ad blocking software,i7i,4.860540161,+,2,[641.0],[807.0],0.764430577,0.165366615,0.070202808,0.809169765,0.126394052,0.064436183
Which friends or contacts you add to my social networking profile/instant messaging service,i8a,3.918984697,-,2,[525.0],[750.0],0.647619048,0.325714286,0.026666667,0.602666667,0.377333333,0.02
The messages in my email or other app for communicating with people,i8b,5.2428278,+,2,[672.0],[855.0],0.693452381,0.272321429,0.03422619,0.715789474,0.267836257,0.016374269
My profile on a social networking site or online community,i8c,3.967512816,-,2,[533.0],[772.0],0.547842402,0.410881801,0.041275797,0.537564767,0.439119171,0.023316062
Which websites I visited,i8d,1.509238273,+,2,[686.0],[867.0],0.718658892,0.253644315,0.027696793,0.728950404,0.252595156,0.018454441
The apps I downloaded,i8e,6.264036021,+,2,[507.0],[712.0],0.58974359,0.382642998,0.027613412,0.655898876,0.327247191,0.016853933
The in-app purchases I made,i8f,6.07731553,+,2,[483.0],[683.0],0.734989648,0.233954451,0.031055901,0.796486091,0.178623719,0.02489019
How much do you like school at present?,j1,6.661794503,-,2,[744.0],[932.0],0.123655914,0.865591398,0.010752688,0.087982833,0.894849785,0.017167382
Suggested ways to use the internet safely,j5a,9.860174611,-,2,[728.0],[916.0],0.414835165,0.572802198,0.012362637,0.339519651,0.647379913,0.013100437
Encouraged me to explore and learn things on the internet,j5b,0.442334674,-,2,[711.0],[905.0],0.537271449,0.450070323,0.012658228,0.521546961,0.464088398,0.014364641
Made rules about what I can do on the internet at school,j5c,3.948840984,-,2,[699.0],[889.0],0.570815451,0.416309013,0.012875536,0.524184477,0.456692913,0.01912261
Helped me when I found something difficult to do or find on the internet,j5d,2.173351842,-,2,[691.0],[877.0],0.593342981,0.392185239,0.01447178,0.556442417,0.428734322,0.014823261
Talked to me about what I do on the internet,j5e,0.396196233,+,2,[693.0],[883.0],0.614718615,0.369408369,0.015873016,0.621744054,0.359003398,0.019252548
Explained why some websites are good or bad,j5f,7.984594271,-,2,[702.0],[878.0],0.537037037,0.444444444,0.018518519,0.465831435,0.514806378,0.019362187
Suggested ways to behave towards other people online,j5g,10.15937486,-,2,[701.0],[880.0],0.529243937,0.45363766,0.017118402,0.448863636,0.532954545,0.018181818
Helped me in the past when something has bothered me on the internet,j5h,3.528716323,-,2,[679.0],[857.0],0.665684831,0.318114875,0.016200295,0.619603267,0.360560093,0.019836639
In general; talked to me about what I would do if something on the internet ever bothered me,j5i,5.441853037,-,2,[670.0],[855.0],0.658208955,0.325373134,0.01641791,0.6,0.380116959,0.019883041
My friends really try to help me,k1a,4.393109724,-,2,[756.0],[931.0],0.171957672,0.794973545,0.033068783,0.139634801,0.834586466,0.025778733
I can count on my friends when things go wrong,k1b,7.8875841,-,2,[753.0],[933.0],0.193891102,0.782204515,0.023904382,0.150053591,0.83494105,0.015005359
I can talk about my problems with my friends,k1c,21.90244124,-,2,[755.0],[933.0],0.237086093,0.737748344,0.025165563,0.160771704,0.828510182,0.010718114
I get worried when I ?nd out my friends are having fun without me ,k1d,1.382089418,-,2,[732.0],[921.0],0.378415301,0.598360656,0.023224044,0.352877307,0.626492942,0.02062975
Suggested ways to use the internet safely,k2a,22.6475446,-,2,[735.0],[914.0],0.523809524,0.455782313,0.020408163,0.412472648,0.573304158,0.014223195
Encouraged me to explore and learn things on the internet,k2b,1.547656115,-,2,[734.0],[908.0],0.485013624,0.497275204,0.017711172,0.462555066,0.524229075,0.013215859
Helped me when I found something difficult to do on the internet,k2c,1.8487939,-,2,[723.0],[902.0],0.558782849,0.420470263,0.020746888,0.528824834,0.453436807,0.017738359
Explained why some websites are good or bad,k2d,0.4506176,-,2,[722.0],[894.0],0.567867036,0.408587258,0.023545706,0.564876957,0.416107383,0.01901566
Suggested ways to behave towards other people on the internet,k2e,4.072223005,-,2,[721.0],[902.0],0.588072122,0.393897365,0.018030513,0.538802661,0.44345898,0.017738359
Helped me in the past when something has bothered me on the internet,k2f,2.74240859,-,2,[719.0],[884.0],0.605006954,0.376912378,0.018080668,0.566742081,0.417420814,0.015837104
Have you suggested to your friends ways to use the internet safely?,k3,3.595049725,-,2,[724.0],[910.0],0.48480663,0.490331492,0.024861878,0.457142857,0.527472527,0.015384615
I feel safe in the area where I live,k4a,19.31043492,-,2,[755.0],[925.0],0.147019868,0.830463576,0.022516556,0.08,0.899459459,0.020540541
It is safe for younger children to play outside during the day,k4b,1.903295861,-,2,[752.0],[932.0],0.230053191,0.753989362,0.015957447,0.2027897,0.778969957,0.018240343
You can trust people around here,k4c,5.098529468,-,2,[750.0],[932.0],0.201333333,0.776,0.022666667,0.17167382,0.815450644,0.012875536
How often do you get some new clothes to wear?,a14,10.58379166,-,2,[784.0],[948.0],0.105867347,0.863520408,0.030612245,0.063291139,0.9092827,0.02742616
How easily can you find a quiet place to study or do homework?,a15,0.888566557,-,2,[771.0],[950.0],0.178988327,0.80155642,0.019455253,0.181052632,0.805263158,0.013684211
How often do you go on holiday [for at least one week] away from home?,a16,4.989542048,-,2,[772.0],[931.0],0.353626943,0.626943005,0.019430052,0.303974221,0.67132116,0.024704619
How often do you have fresh fruit and vegetables to eat?,a17,0.368903431,-,2,[775.0],[944.0],0.123870968,0.855483871,0.020645161,0.120762712,0.862288136,0.016949153
How often do you have fish or meat to eat?,a17a,0.414896032,-,2,[778.0],[951.0],0.120822622,0.858611825,0.020565553,0.116719243,0.866456362,0.016824395
Do you have at least two pairs of properly fitting shoes? [include: boots; sandals; trainers; etc.],a18,27.5534534,-,2,[784.0],[957.0],0.193877551,0.785714286,0.020408163,0.107628004,0.878787879,0.013584117
How often do you get some new games or toys to play with?,a19,12.19056813,+,2,[730.0],[861.0],0.51369863,0.438356164,0.047945205,0.551684088,0.368176539,0.080139373
I get very angry and often lose my temper,a20a,19.96054454,-,2,[786.0],[955.0],0.41221374,0.576335878,0.011450382,0.309947644,0.679581152,0.010471204
I usually do as I am told,a20b,1.442317555,-,2,[787.0],[954.0],0.110546379,0.878017789,0.011435832,0.094339623,0.896226415,0.009433962
I fight a lot; I can make other people do what I want,a20c,31.59795748,+,2,[783.0],[948.0],0.708812261,0.273307791,0.017879949,0.82278481,0.165611814,0.011603376
I am often accused of lying or cheating,a20d,13.37884007,+,2,[779.0],[943.0],0.670089859,0.317073171,0.01283697,0.741251326,0.239660657,0.019088017
I take things that are not mine from home; school or elsewhere,a20e,52.86413179,+,2,[775.0],[937.0],0.784516129,0.19483871,0.020645161,0.909284952,0.080042689,0.010672359
I worry a lot,a20f,17.75976094,-,2,[779.0],[942.0],0.32605905,0.655969191,0.017971759,0.243099788,0.747346072,0.00955414
I am nervous in certain new situations; I easily lose confidence,a20g,30.93859614,-,2,[766.0],[920.0],0.510443864,0.473890339,0.015665796,0.376086957,0.607608696,0.016304348
I get a lot of headaches; stomach-aches or sickness,a20h,6.586992329,-,2,[761.0],[939.0],0.609724047,0.371879106,0.018396846,0.562300319,0.427050053,0.010649627
I am often unhappy; sad or tearful,a20i,12.11919802,-,2,[764.0],[945.0],0.517015707,0.468586387,0.014397906,0.443386243,0.549206349,0.007407407
I have many fears and I am easily scared,a20j,17.52835456,-,2,[766.0],[941.0],0.408616188,0.575718016,0.015665796,0.312433581,0.673751328,0.01381509
I am restless; I cannot stay still for long,a20k,1.986140665,-,2,[757.0],[932.0],0.598414795,0.385733157,0.015852048,0.564377682,0.418454936,0.017167382
I finish the work I'm doing. My attention is good,a20l,11.31047466,-,2,[760.0],[925.0],0.247368421,0.736842105,0.015789474,0.180540541,0.804324324,0.015135135
I am easily distracted and find it difficult to concentrate,a20n,0.479130962,-,2,[753.0],[930.0],0.38247012,0.604249668,0.013280212,0.375268817,0.607526882,0.017204301
I think before I do things,a20o,8.472994549,-,2,[761.0],[940.0],0.168199737,0.813403417,0.018396846,0.120212766,0.864893617,0.014893617
Other people my age generally like me,a20p,7.704598286,-,2,[756.0],[925.0],0.28968254,0.693121693,0.017195767,0.23027027,0.75027027,0.019459459
Other children or young people pick on me,a20q,4.169637812,-,2,[755.0],[933.0],0.501986755,0.470198675,0.02781457,0.501607717,0.484458735,0.013933548
I am usually on my own; I generally play alone or keep to myself,a20r,5.017114488,+,2,[750.0],[929.0],0.570666667,0.413333333,0.016,0.624327234,0.360602799,0.015069968
I have at least one good friend,a20s,6.127429365,-,2,[769.0],[941.0],0.128738622,0.859557867,0.011703511,0.091392136,0.895855473,0.012752391
I get on better with adults than with people my own age,a20t,0.338689566,+,2,[742.0],[923.0],0.448787062,0.537735849,0.013477089,0.456121343,0.527627302,0.016251354
I am helpful if someone is hurt; upset or feeling ill,a20u,19.06636734,-,2,[750.0],[933.0],0.254666667,0.725333333,0.02,0.170418006,0.814576635,0.015005359
I try to be nice to other people. I care about their feelings,a20v,13.0824015,-,2,[750.0],[923.0],0.210666667,0.774666667,0.014666667,0.146262189,0.843986999,0.009750813
I often volunteer to help others (e.g.; parents; carers; teachers; children),a20w,12.99826948,-,2,[746.0],[922.0],0.22386059,0.750670241,0.025469169,0.169197397,0.818872017,0.011930586
I usually share with others (food; games; pens etc.),a20x,10.31728901,-,2,[750.0],[927.0],0.169333333,0.816,0.014666667,0.117583603,0.872707659,0.009708738
Other children are treated better than me,a21a,3.727998311,-,2,[752.0],[911.0],0.348404255,0.619680851,0.031914894,0.315038419,0.661909989,0.023051592
People seem to think I am not smart,a21b,0.609393252,+,2,[756.0],[925.0],0.571428571,0.400793651,0.027777778,0.577297297,0.389189189,0.033513514
People seem to think they’re better than me,a21c,1.601507975,-,2,[748.0],[923.0],0.471925134,0.5,0.028074866,0.440953413,0.52979415,0.029252438
I get called names or insulted by other children,a21d,0.812659619,+,2,[750.0],[921.0],0.450666667,0.526666667,0.022666667,0.470141151,0.504885993,0.024972856
Because of where my family is from,a22a,5.99316432,+,1,[442.0],[548.0],0.778280543,0.221719457,0,0.839416058,0.160583942,0
Because of my skin colour,a22b,0.498545486,+,1,[442.0],[549.0],0.785067873,0.214932127,0,0.803278689,0.196721311,0
Because of my religion,a22c,7.419339056,+,1,[442.0],[548.0],0.86199095,0.13800905,0,0.916058394,0.083941606,0
Because of my height or weight,a22d,4.82043613,-,1,[442.0],[548.0],0.737556561,0.262443439,0,0.673357664,0.326642336,0
Because of a disability,a22e,6.454334486,+,1,[442.0],[548.0],0.900452489,0.099547511,0,0.943430657,0.056569343,0
Because of not having enough money,a22f,0.530789844,+,1,[442.0],[548.0],0.825791855,0.174208145,0,0.843065693,0.156934307,0
Because of my sexual orientation,a22g,9.067673045,+,1,[442.0],[548.0],0.929864253,0.070135747,0,0.97080292,0.02919708,0
Because of how I look or behave,a22h,2.024763104,+,1,[442.0],[548.0],0.705882353,0.294117647,0,0.746350365,0.253649635,0
Because of my attitude,a22j,0.054541945,+,1,[442.0],[548.0],0.71040724,0.28959276,0,0.717153285,0.282846715,0
Because of my opinions or beliefs,a22i,0.228633739,-,1,[442.0],[548.0],0.841628959,0.158371041,0,0.830291971,0.169708029,0
Because my parents are not around (i.e.; OFW),a22k,6.60667971,+,1,[442.0],[548.0],0.93438914,0.06561086,0,0.968978102,0.031021898,0
Because of the ethnic group I belong to,a22l,5.207027881,+,1,[442.0],[548.0],0.938914027,0.061085973,0,0.968978102,0.031021898,0
Due to conflict / war in our area,a22m,12.26983909,+,1,[442.0],[548.0],0.963800905,0.036199095,0,0.994525547,0.005474453,0
Because I am not studying (i.e.; out-of-school),a22n,9.920550838,+,1,[442.0],[548.0],0.947963801,0.052036199,0,0.983576642,0.016423358,0
Because I do not have a permanent residence / house,a22o,1.83883757,+,1,[442.0],[548.0],0.966063348,0.033936652,0,0.979927007,0.020072993,0
When you were treated this way; how often did it happen on the internet?,a23,6.339889761,+,2,[548.0],[685.0],0.711678832,0.275547445,0.012773723,0.759124088,0.218978102,0.02189781
I do dangerous things for fun,a24a,29.13510691,+,2,[743.0],[904.0],0.732166891,0.243606999,0.02422611,0.83960177,0.14159292,0.01880531
I do exciting things; even if they are dangerous,a24b,23.87271733,+,2,[749.0],[906.0],0.707610147,0.273698264,0.018691589,0.80794702,0.174392936,0.017660044
Had so much alcohol that I got really drunk,a25a,18.96164199,+,2,[741.0],[897.0],0.882591093,0.095816464,0.021592443,0.938684504,0.042363434,0.018952062
Missed school lessons without my parent(s)/carer(s) knowing,a25b,22.70591853,+,2,[757.0],[914.0],0.816380449,0.166446499,0.017173052,0.887308534,0.089715536,0.02297593
Had sexual intercourse,a25c,7.554145429,+,2,[733.0],[901.0],0.870395634,0.094133697,0.035470668,0.908990011,0.058823529,0.032186459
Been in trouble with my teachers for bad behaviour,a25d,7.060747309,+,2,[749.0],[903.0],0.839786382,0.141522029,0.018691589,0.88372093,0.099667774,0.016611296
Been in trouble with the police,a25e,3.691472356,+,2,[745.0],[903.0],0.918120805,0.056375839,0.025503356,0.941306755,0.03765227,0.021040975
Met personally with someone whom I met online (i.e.; eyeball),a25f,18.22913221,+,2,[732.0],[905.0],0.844262295,0.137978142,0.017759563,0.912707182,0.077348066,0.009944751
I can solve difficult problems if I try hard enough,a26a,5.682494885,-,2,[727.0],[900.0],0.337001376,0.635488308,0.027510316,0.313333333,0.673333333,0.013333333
If someone opposes me; I can find ways to get what I want,a26b,2.496764395,+,2,[708.0],[873.0],0.40819209,0.563559322,0.028248588,0.442153494,0.53722795,0.020618557
It's easy for me to stick to my aims and achieve my goals,a26c,4.737726759,-,2,[717.0],[882.0],0.264993026,0.70153417,0.033472803,0.236961451,0.742630385,0.020408163
I am confident that I can deal with unexpected problems,a26d,1.45993983,-,2,[718.0],[877.0],0.299442897,0.667130919,0.033426184,0.286202965,0.688711517,0.025085519
I can stay calm when things get difficult because I am good at coping,a26g,2.59176966,-,2,[728.0],[889.0],0.232142857,0.736263736,0.031593407,0.232845894,0.748031496,0.01912261
Ideally; if you are given an opportunity; what level of education do you want to finish?,a27,12.48871301,-,2,[804.0],[966.0],0.088308458,0.896766169,0.014925373,0.048654244,0.942028986,0.00931677
Imagine if given the opportunity to finish your studies or to get your desired career in the future; where do you want to work?,a28,,,2,[796.0],[953.0],0.978643216,0.00879397,0.012562814,0.981112277,0.002098636,0.016789087
When I use the internet; I learn about different things that I could study; do or become what I want to be as productive as possible.,a29a,9.024939321,-,2,[743.0],[914.0],0.390309556,0.592193809,0.017496635,0.319474836,0.66083151,0.019693654
When I use the internet; I feel I want to achieve more in life.,a29b,2.054426186,+,2,[737.0],[909.0],0.404341927,0.582089552,0.013568521,0.394939494,0.581958196,0.02310231
I was sent a message that I did not want with advertisements for or links to X-rated websites [use local term for 'X-rated'],g1a,1.794706636,+,2,[730.0],[903.0],0.845205479,0.126027397,0.028767123,0.857142857,0.124031008,0.018826135
I opened a message or a link in a message that showed pictures of naked people or of people having sex that I did not want,g1b,12.79275081,+,2,[719.0],[890.0],0.860917942,0.116828929,0.022253129,0.915730337,0.06741573,0.016853933
I have seen or received a sexual message; image or video about someone else that I did not want,g1c,0.307164017,-,2,[725.0],[896.0],0.804137931,0.173793103,0.022068966,0.800223214,0.180803571,0.018973214
I have been asked for sexual information about myself (like what my body looks like without clothes on or sexual things I have done) when I did not want to answer such questions,g2a,4.994818415,+,2,[705.0],[870.0],0.869503546,0.10212766,0.028368794,0.904597701,0.072413793,0.022988506
I have been asked to talk about sexual acts with someone on the internet when I did not want to,g2b,1.375208473,+,2,[717.0],[890.0],0.843793584,0.125523013,0.030683403,0.861797753,0.106741573,0.031460674
I have been asked by someone on the internet to do something sexual when I did not want to,g2c,3.856356434,+,2,[717.0],[891.0],0.873082287,0.09623431,0.030683403,0.903479237,0.075196409,0.021324355
I have been asked on the internet for a photo or video showing my private parts [translate as appropriate] when I did not want to,g2d,0.27436557,+,2,[717.0],[899.0],0.894002789,0.083682008,0.022315202,0.899888765,0.076751947,0.023359288
I have sent sexual information about myself (like what my body looks like without clothes on or sexual things I have done) when I did not want,g3a,,,2,[74.0],[65.0],0.554054054,0.405405405,0.040540541,0.8,0.2,0
I have talked about sexual acts with someone on the internet when I did not want to,g3b,,,2,[93.0],[94.0],0.516129032,0.440860215,0.043010753,0.691489362,0.255319149,0.053191489
I have done something sexual on the internet when I did not want to,g3c,,,2,[69.0],[70.0],0.463768116,0.47826087,0.057971014,0.628571429,0.314285714,0.057142857
I have sent someone a photo or video showing my private parts when I did not want to [translate as appropriate],g3d,,,2,[61.0],[70.0],0.573770492,0.393442623,0.032786885,0.857142857,0.142857143,0
Thinking about the last time when you had unwanted sexual experience (that is; any of G2a-d); did it happen when you were using which of the following?,g4,2.434772744,+,4,[146.0],[145.0],0.636986301,0.205479452,0.157534247,0.689655172,0.144827586,0.165517241
Thinking about the last time when you had unwanted sexual experience (that is; any of G2a-d); who was the person who did this?,g5,28.52914175,+,9,[140.0],[129.0],0.2,0.214285714,0.585714286,0.201550388,0.093023256,0.705426357
Brother (over 18),g9a,7.037280979,+,1,[128.0],[129.0],0.7265625,0.2734375,0,0.860465116,0.139534884,0
Sister (over 18),g9b,0.300277222,+,1,[128.0],[129.0],0.8359375,0.1640625,0,0.860465116,0.139534884,0
A younger brother or sister,g9c,2.939896539,+,1,[128.0],[129.0],0.796875,0.203125,0,0.875968992,0.124031008,0
Father or step-/foster father,g9d,3.945258239,+,1,[128.0],[129.0],0.875,0.125,0,0.945736434,0.054263566,0
Mother or step-/foster mother,g9e,2.356144622,+,1,[128.0],[129.0],0.84375,0.15625,0,0.906976744,0.093023256,0
Other adult relatives; such as aunts; uncles; or grandparents,g9f,0.340269945,+,1,[128.0],[129.0],0.859375,0.140625,0,0.88372093,0.11627907,0
Friend or acquaintance,g9g,4.951365987,-,1,[128.0],[129.0],0.796875,0.203125,0,0.674418605,0.325581395,0
Teacher/ educator,g9h,3.52729183,+,1,[128.0],[129.0],0.9140625,0.0859375,0,0.968992248,0.031007752,0
Other adult you trust e.g. coach; neighbour; doctor; or babysitter,g9j,6.058032376,+,1,[128.0],[129.0],0.890625,0.109375,0,0.968992248,0.031007752,0
Other (specify),g9i,0.089426823,+,1,[128.0],[129.0],0.9453125,0.0546875,0,0.953488372,0.046511628,0
I didn’t tell anyone about it,g9k,0.043728659,-,1,[128.0],[129.0],0.921875,0.078125,0,0.914728682,0.085271318,0
